<?xml version="1.0" encoding="utf-8"?><!--Generated by ILIAS XmlWriter--><exp:Export InstallationId="10618" InstallationUrl="http://hn-lms.poly.edu.vn" Entity="usr_setting" SchemaVersion="5.2.0" TargetRelease="5.2.0" xmlns:xsi="http://www.w3.org/2001/XMLSchema-instance" xmlns:exp="http://www.ilias.de/Services/Export/exp/4_1" xsi:schemaLocation="http://www.ilias.de/Services/Export/exp/4_1 http://hn-lms.poly.edu.vn/xml/ilias_export_4_1.xsd http://www.ilias.de/Services/User/usr/5_2 http://hn-lms.poly.edu.vn/xml/ilias_usr_5_2.xsd http://www.ilias.de/Services/DataSet/ds/4_3 http://hn-lms.poly.edu.vn/xml/ilias_ds_4_3.xsd" xmlns="http://www.ilias.de/Services/User/usr/5_2" xmlns:ds="http://www.ilias.de/Services/DataSet/ds/4_3"><exp:ExportItem Id="188356"><ds:DataSet InstallationId="10618" InstallationUrl="http://hn-lms.poly.edu.vn" TopEntity="usr_setting"><ds:Rec Entity="usr_setting"><UsrSetting><UserId>188356</UserId><Keyword>bs_allow_to_contact_me</Keyword><Value>y</Value></UsrSetting></ds:Rec><ds:Rec Entity="usr_setting"><UsrSetting><UserId>188356</UserId><Keyword>chat_osc_accept_msg</Keyword><Value>y</Value></UsrSetting></ds:Rec><ds:Rec Entity="usr_setting"><UsrSetting><UserId>188356</UserId><Keyword>date_format</Keyword><Value>3</Value></UsrSetting></ds:Rec><ds:Rec Entity="usr_setting"><UsrSetting><UserId>188356</UserId><Keyword>day_end</Keyword><Value>19</Value></UsrSetting></ds:Rec><ds:Rec Entity="usr_setting"><UsrSetting><UserId>188356</UserId><Keyword>day_start</Keyword><Value>8</Value></UsrSetting></ds:Rec><ds:Rec Entity="usr_setting"><UsrSetting><UserId>188356</UserId><Keyword>hits_per_page</Keyword><Value>50</Value></UsrSetting></ds:Rec><ds:Rec Entity="usr_setting"><UsrSetting><UserId>188356</UserId><Keyword>language</Keyword><Value>vi</Value></UsrSetting></ds:Rec><ds:Rec Entity="usr_setting"><UsrSetting><UserId>188356</UserId><Keyword>public_birthday</Keyword><Value>n</Value></UsrSetting></ds:Rec><ds:Rec Entity="usr_setting"><UsrSetting><UserId>188356</UserId><Keyword>public_country</Keyword><Value>n</Value></UsrSetting></ds:Rec><ds:Rec Entity="usr_setting"><UsrSetting><UserId>188356</UserId><Keyword>public_department</Keyword><Value>n</Value></UsrSetting></ds:Rec><ds:Rec Entity="usr_setting"><UsrSetting><UserId>188356</UserId><Keyword>public_email</Keyword><Value>y</Value></UsrSetting></ds:Rec><ds:Rec Entity="usr_setting"><UsrSetting><UserId>188356</UserId><Keyword>public_fax</Keyword><Value>n</Value></UsrSetting></ds:Rec><ds:Rec Entity="usr_setting"><UsrSetting><UserId>188356</UserId><Keyword>public_gender</Keyword><Value>n</Value></UsrSetting></ds:Rec><ds:Rec Entity="usr_setting"><UsrSetting><UserId>188356</UserId><Keyword>public_hobby</Keyword><Value>n</Value></UsrSetting></ds:Rec><ds:Rec Entity="usr_setting"><UsrSetting><UserId>188356</UserId><Keyword>public_institution</Keyword><Value>n</Value></UsrSetting></ds:Rec><ds:Rec Entity="usr_setting"><UsrSetting><UserId>188356</UserId><Keyword>public_location</Keyword><Value>n</Value></UsrSetting></ds:Rec><ds:Rec Entity="usr_setting"><UsrSetting><UserId>188356</UserId><Keyword>public_matriculation</Keyword><Value>n</Value></UsrSetting></ds:Rec><ds:Rec Entity="usr_setting"><UsrSetting><UserId>188356</UserId><Keyword>public_phone_home</Keyword><Value>n</Value></UsrSetting></ds:Rec><ds:Rec Entity="usr_setting"><UsrSetting><UserId>188356</UserId><Keyword>public_phone_mobile</Keyword><Value>n</Value></UsrSetting></ds:Rec><ds:Rec Entity="usr_setting"><UsrSetting><UserId>188356</UserId><Keyword>public_phone_office</Keyword><Value>n</Value></UsrSetting></ds:Rec><ds:Rec Entity="usr_setting"><UsrSetting><UserId>188356</UserId><Keyword>public_profile</Keyword><Value>n</Value></UsrSetting></ds:Rec><ds:Rec Entity="usr_setting"><UsrSetting><UserId>188356</UserId><Keyword>public_sel_country</Keyword><Value>n</Value></UsrSetting></ds:Rec><ds:Rec Entity="usr_setting"><UsrSetting><UserId>188356</UserId><Keyword>public_street</Keyword><Value>n</Value></UsrSetting></ds:Rec><ds:Rec Entity="usr_setting"><UsrSetting><UserId>188356</UserId><Keyword>public_title</Keyword><Value>n</Value></UsrSetting></ds:Rec><ds:Rec Entity="usr_setting"><UsrSetting><UserId>188356</UserId><Keyword>public_upload</Keyword><Value>n</Value></UsrSetting></ds:Rec><ds:Rec Entity="usr_setting"><UsrSetting><UserId>188356</UserId><Keyword>public_zipcode</Keyword><Value>n</Value></UsrSetting></ds:Rec><ds:Rec Entity="usr_setting"><UsrSetting><UserId>188356</UserId><Keyword>screen_reader_optimization</Keyword><Value></Value></UsrSetting></ds:Rec><ds:Rec Entity="usr_setting"><UsrSetting><UserId>188356</UserId><Keyword>store_last_visited</Keyword><Value>0</Value></UsrSetting></ds:Rec><ds:Rec Entity="usr_setting"><UsrSetting><UserId>188356</UserId><Keyword>time_format</Keyword><Value>1</Value></UsrSetting></ds:Rec><ds:Rec Entity="usr_setting"><UsrSetting><UserId>188356</UserId><Keyword>user_tz</Keyword><Value>Asia/Jakarta</Value></UsrSetting></ds:Rec><ds:Rec Entity="usr_setting"><UsrSetting><UserId>188356</UserId><Keyword>weekstart</Keyword><Value>1</Value></UsrSetting></ds:Rec></ds:DataSet></exp:ExportItem></exp:Export>