<?xml version="1.0" encoding="utf-8"?><!--Generated by ILIAS XmlWriter--><exp:Export InstallationId="10618" InstallationUrl="http://hn-lms.poly.edu.vn" Entity="personal_data" SchemaVersion="5.2.0" TargetRelease="5.2.0" xmlns:xsi="http://www.w3.org/2001/XMLSchema-instance" xmlns:exp="http://www.ilias.de/Services/Export/exp/4_1" xsi:schemaLocation="http://www.ilias.de/Services/Export/exp/4_1 http://hn-lms.poly.edu.vn/xml/ilias_export_4_1.xsd http://www.ilias.de/Services/User/usr/5_2 http://hn-lms.poly.edu.vn/xml/ilias_usr_5_2.xsd http://www.ilias.de/Services/DataSet/ds/4_3 http://hn-lms.poly.edu.vn/xml/ilias_ds_4_3.xsd" xmlns="http://www.ilias.de/Services/User/usr/5_2" xmlns:ds="http://www.ilias.de/Services/DataSet/ds/4_3"><exp:ExportItem Id="188356"><ds:DataSet InstallationId="10618" InstallationUrl="http://hn-lms.poly.edu.vn" TopEntity="personal_data"><ds:Rec Entity="personal_data"><PersonalData><Id>188356</Id></PersonalData></ds:Rec></ds:DataSet></exp:ExportItem></exp:Export>