<?xml version="1.0" encoding="utf-8"?><!--Generated by ILIAS XmlWriter--><exp:Export InstallationId="10618" InstallationUrl="http://hn-lms.poly.edu.vn" Entity="bookmarks" SchemaVersion="4.3.0" TargetRelease="5.2.0" xmlns:xsi="http://www.w3.org/2001/XMLSchema-instance" xmlns:exp="http://www.ilias.de/Services/Export/exp/4_1" xsi:schemaLocation="http://www.ilias.de/Services/Export/exp/4_1 http://hn-lms.poly.edu.vn/xml/ilias_export_4_1.xsd http://www.ilias.de/Services/Bookmarks/bkm/4_3 http://hn-lms.poly.edu.vn/xml/ilias_usr_4_3.xsd http://www.ilias.de/Services/DataSet/ds/4_3 http://hn-lms.poly.edu.vn/xml/ilias_ds_4_3.xsd" xmlns="http://www.ilias.de/Services/Bookmarks/bkm/4_3" xmlns:ds="http://www.ilias.de/Services/DataSet/ds/4_3"><exp:ExportItem Id="188356"><ds:DataSet InstallationId="10618" InstallationUrl="http://hn-lms.poly.edu.vn" TopEntity="bookmarks"><ds:Rec Entity="bookmarks"><Bookmarks><UserId>188356</UserId></Bookmarks></ds:Rec><ds:Rec Entity="bookmark_tree"><BookmarkTree><UserId>188356</UserId><Child>1</Child><Parent>0</Parent><Depth>1</Depth><Type>bmf</Type><Title>dummy_folder</Title><Description></Description><Target></Target></BookmarkTree></ds:Rec></ds:DataSet></exp:ExportItem></exp:Export>